id;status;level;trainer;active_from;activeto
1;voluntarily triangular;kissingly diligent pluralise;between savage;2024-01-01T21:40:51;2024-01-01T02:04:46
2;defenseless spotted;whenever brr distribute;hastily;2024-01-01T16:16:13;2024-01-01T14:09:44
3;even;yowza;however drain;2024-01-01T21:18:55;2024-01-01T08:39:12
4;lest juice captain;act youthfully;since suction merit;2024-01-01T04:55:24;2024-01-01T17:15:16
5;never whenever who;since smudge;innocently before;2024-01-01T17:25:14;2024-01-01T02:45:03
6;toboggan stare chastity;playfully;scout afore wherever;2024-01-01T10:04:45;2024-01-01T06:17:45
7;what rarely jubilantly;compassionate;peer-to-peer anxious fooey;2024-01-02T00:55:15;2024-01-01T15:21:35
8;gadzooks;toward collaboration;modulo insistent underneath;2024-01-01T06:49:50;2024-01-01T03:38:36
9;since;within champion;bandanna daily;2024-01-01T12:27:40;2024-01-01T22:44:08
10;caring corner;dip;thoroughly slow;2024-01-01T14:36:09;2024-01-01T12:21:15
